10737,7000,7004,9647,8111,234
10738,7001,7006,9705,8410,75
10739,7003,7006,9705,8494,29
10740,7006,7014,9729,8485,298
10741,7006,7017,9729,8485,232
10742,7010,7011,3490,923,74
10744,7014,7016,9839,8776,216
10748,7019,7025,1,9423,220
10750,7021,7025,10,9247,57
10751,7022,7815,15,9569,154
10752,7022,7816,15,9569,18
10753,7023,7031,29,9883,115
10754,7023,7033,29,9883,150
10755,7024,7028,25,9408,265
10756,7025,7026,25,9188,98
10758,7027,7028,39,9353,211
10759,7027,7030,39,9353,87
10760,7028,7029,61,9126,38
10761,7030,7036,106,9309,111
10762,7031,7032,106,9963,14
10763,7032,7034,118,9962,66
10764,7033,7038,156,9842,199
10765,7033,7835,156,9842,61
10766,7034,7834,176,9961,14
10767,7034,7835,176,9961,54
10769,7035,7059,4261,1358,48
10770,7036,7812,194,9264,257
10772,7038,7040,307,9740,105
10773,7038,7041,307,9740,97
10775,7039,7040,379,9969,172
10776,7039,7044,379,9969,126
10778,7040,7042,379,9783,164
10779,7040,7043,379,9783,124
10780,7041,7826,384,9695,120
10781,7042,7043,488,9726,54
10782,7042,7047,488,9726,126
10783,7042,7825,488,9726,42
10784,7043,7044,488,9784,171
10785,7045,7049,591,9614,148
10787,7046,7047,598,9670,51
10788,7046,7050,598,9670,124
10789,7046,7826,598,9670,142
10791,7047,7048,598,9725,124
10792,7047,7827,598,9725,105
10793,7048,7050,707,9726,53
10794,7048,7052,707,9726,224
10795,7048,7058,707,9726,149
10796,7049,7051,706,9560,26
10797,7049,7818,706,9560,84
10798,7050,7054,707,9669,49
10799,7050,7821,707,9669,50
10800,7051,7819,707,9588,50
10801,7051,7821,707,9588,25
10802,7052,7060,708,9968,148
10803,7053,7054,751,9617,48
10804,7053,7819,751,9617,26
10805,7053,7822,751,9617,116
10806,7054,7824,750,9669,122
10807,7055,7056,784,9357,18
10808,7055,7057,784,9357,49
10809,7055,7817,784,9357,164
10810,7055,7818,784,9357,130
10811,7056,7063,792,9374,135
10812,7056,7820,792,9374,148
10813,7057,7061,798,9308,62
10814,7057,7813,798,9308,250
10815,7058,7829,837,9734,95
10816,7058,7842,837,9734,79
10817,7060,7068,838,9968,160
10818,7060,7830,838,9968,65
10819,7061,7063,849,9286,114
10820,7062,7065,880,9570,104
10821,7062,7820,880,9570,60
10822,7062,7822,880,9570,42
10823,7063,7064,898,9333,73
10824,7063,7080,898,9333,317
10825,7064,7070,913,9407,97
10826,7064,7078,913,9407,317
10827,7065,7067,925,9667,79
10828,7065,7824,925,9667,78
10829,7066,7069,927,9503,148
10830,7066,7071,927,9503,103
10831,7067,7074,964,9737,262
10832,7067,7842,964,9737,67
10833,7068,7074,978,9968,136
10834,7068,7841,978,9968,141
10835,7069,7072,988,9644,43
10836,7069,7843,988,9644,61
10837,7070,7079,996,9431,189
10838,7071,7072,1003,9521,109
10839,7071,7852,1003,9521,73
10840,7072,7851,1025,9635,49
10841,7075,7848,1120,9649,62
10842,7075,7850,1120,9649,49
10843,7075,7852,1120,9649,139
10844,7075,7860,1120,9649,11
10846,7077,7078,1160,9560,26
10847,7077,7084,1160,9560,59
10848,7077,7848,1160,9560,65
10849,7078,7079,1161,9532,60
10850,7078,7085,1161,9532,59
10851,7078,7862,1161,9532,485
10853,7079,7080,1159,9467,53
10855,7081,7088,1180,9915,119
10856,7081,7844,1180,9915,62
10857,7081,7845,1180,9915,110
10858,7082,7862,1195,9169,148
10859,7083,7087,1189,9763,60
10860,7083,7855,1189,9763,45
10861,7083,7860,1189,9763,123
10862,7084,7090,1211,9552,83
10863,7084,7849,1211,9552,48
10864,7085,7086,1213,9529,63
10866,7087,7089,1223,9713,70
10867,7087,7848,1223,9713,99
10868,7087,7849,1223,9713,127
10869,7088,7089,1263,9837,75
10870,7088,7846,1263,9837,152
10871,7088,7855,1263,9837,64
10872,7089,7093,1273,9757,204
10873,7091,7097,4199,1456,243
10874,7092,7093,1386,9941,61
10875,7093,7094,1417,9887,59
10876,7093,7096,1417,9887,131
10877,7094,7100,1447,9835,143
10878,7095,7098,1488,9232,224
10879,7095,7099,1488,9232,131
10880,7095,7102,1488,9232,103
10881,7096,7100,1509,9971,62
10882,7097,7110,3989,1496,61
10883,7097,7719,3989,1496,135
10884,7098,7102,1533,9376,103
10885,7098,7856,1533,9376,93
10886,7099,7101,1535,9103,85
10887,7099,7103,1535,9103,105
10888,7100,7105,1549,9925,151
10889,7100,7847,1549,9925,70
10890,7101,7106,1565,9019,132
10891,7102,7103,1571,9276,109
10892,7102,7107,1571,9276,118
10893,7103,7106,1610,9169,53
10894,7103,7109,1610,9169,130
10895,7104,7107,1631,9405,80
10896,7104,7113,1631,9405,152
10897,7104,7856,1631,9405,228
10898,7105,7125,1637,9803,424
10899,7106,7111,1641,9127,107
10901,7107,7108,1665,9328,37
10903,7108,7109,1679,9292,21
10905,7111,7121,1694,9042,144
10906,7112,7133,1736,9558,349
10907,7113,7118,1760,9444,50
10908,7114,7116,4312,1592,45
10911,7116,7117,4351,1588,70
10912,7122,7123,1821,9281,50
10914,7123,7127,1831,9228,164
10915,7126,7129,1950,9036,56
10916,7127,7128,1974,9218,114
10917,7127,7129,1974,9218,166
10918,7130,7131,2008,9459,12
10919,7131,7132,2011,9471,16
10920,7133,7136,2035,9617,479
10922,7135,7140,2277,9806,393
10923,7135,7143,2277,9806,281
10924,7136,7139,2379,9912,39
10925,7137,7138,2414,9214,41
10926,7138,7140,2424,9257,196
10927,7138,7146,2424,9257,262
10928,7139,7143,2409,9933,92
10929,7140,7141,2474,9459,18
10930,7140,7142,2474,9459,24
10932,7141,7144,2479,9477,434
10934,7148,7151,2680,9707,160
10935,7150,7152,2783,9102,75
10936,7150,7153,2783,9102,68
10937,7151,7160,2798,9615,102
10938,7153,7154,2818,9161,76
10939,7154,7155,2847,9235,13
10940,7155,7156,2858,9240,68
10941,7155,7158,2858,9240,23
10942,7156,7166,2872,9169,108
10943,7156,7169,2872,9169,64
10944,7158,7163,2877,9248,139
10945,7158,7169,2877,9248,87
10946,7158,7170,2877,9248,81
10947,7159,7161,2877,9552,88
10948,7160,7162,2881,9656,113
10949,7160,7182,2881,9656,186
10950,7161,7163,2886,9459,58
10951,7161,7179,2886,9459,153
10952,7162,7164,2886,9778,94
10953,7162,7174,2886,9778,87
10954,7163,7167,2885,9397,19
10955,7164,7165,2891,9879,12
10956,7164,7171,2891,9879,65
10957,7167,7168,2902,9396,52
10958,7167,7178,2902,9396,113
10959,7168,7170,2925,9347,69
10960,7168,7180,2925,9347,114
10961,7169,7176,2928,9178,69
10962,7169,7181,2928,9178,184
10963,7170,7175,2944,9276,54
10964,7171,7172,2948,9878,42
10965,7171,7173,2948,9878,49
10966,7173,7174,2949,9825,49
10967,7173,7187,2949,9825,169
10968,7174,7177,2962,9775,49
10969,7174,7191,2962,9775,172
10970,7175,7176,2989,9295,108
10971,7175,7183,2989,9295,61
10972,7176,7188,2988,9178,122
10973,7177,7185,2987,9732,101
10974,7177,7192,2987,9732,160
10975,7178,7180,2988,9457,70
10976,7178,7184,2988,9457,87
10977,7179,7184,3001,9543,71
10978,7180,7183,3018,9391,70
10979,7180,7194,3018,9391,139
10980,7182,7185,3033,9619,57
10981,7182,7190,3033,9619,104
10982,7183,7189,3038,9320,73
10983,7184,7194,3054,9503,104
10984,7185,7193,3060,9671,110
10985,7185,7197,3060,9671,127
10986,7187,7191,3089,9883,50
10987,7187,7204,3089,9883,133
10988,7188,7189,3095,9177,161
10989,7188,7195,3095,9177,47
10990,7189,7203,3097,9351,116
10991,7190,7197,3108,9556,65
10992,7190,7198,3108,9556,79
10993,7191,7192,3105,9833,41
10994,7191,7208,3105,9833,143
10995,7192,7193,3118,9792,43
10996,7192,7210,3118,9792,145
10997,7193,7199,3132,9749,104
10998,7193,7212,3132,9749,146
10999,7194,7203,3132,9445,80
11000,7195,7196,3136,9172,5
11001,7196,7201,3140,9171,70
11002,7196,7207,3140,9171,80
11003,7197,7200,3154,9598,27
11004,7198,7200,3166,9510,98
11005,7198,7213,3166,9510,129
11006,7199,7200,3165,9644,33
11007,7199,7217,3165,9644,150
11008,7200,7219,3175,9611,159
11009,7201,7207,3179,9113,63
11010,7201,7209,3179,9113,90
11011,7202,7204,3180,9975,47
11012,7204,7206,3199,9930,21
11013,7205,7214,4224,2156,12
11014,7206,7208,3208,9910,30
11015,7207,7216,3210,9164,80
11017,7208,7210,3223,9884,38
11018,7209,7216,3230,9039,125
11019,7210,7212,3237,9847,40
11020,7211,7221,3245,9361,122
11022,7212,7217,3251,9808,104
11023,7212,7224,3251,9808,106
11024,7213,7225,3258,9431,113
11025,7213,7226,3258,9431,146
11026,7214,7215,4225,2169,19
11027,7216,7230,3280,9159,113
11029,7217,7218,3287,9705,51
11030,7217,7228,3287,9705,103
11031,7218,7219,3304,9654,28
11032,7218,7231,3304,9654,103
11033,7219,7223,3314,9627,83
11034,7219,7233,3314,9627,103
11035,7220,7230,3317,9075,106
11036,7221,7227,3328,9278,55
11038,7222,7224,3328,9933,79
11039,7223,7225,3334,9541,59
11040,7224,7228,3338,9849,103
11041,7224,7239,3338,9849,156
11042,7225,7237,3348,9480,113
11043,7226,7232,3356,9330,59
11044,7227,7235,3365,9240,61
11045,7228,7231,3371,9745,51
11046,7228,7240,3371,9745,138
11047,7229,7234,3372,9045,42
11049,7230,7235,3379,9160,48
11050,7231,7233,3388,9694,55
11051,7231,7241,3388,9694,137
11052,7232,7236,3397,9292,72
11053,7233,7237,3404,9638,112
11054,7233,7243,3404,9638,140
11055,7234,7244,3406,9027,158
11056,7236,7242,3445,9241,111
11057,7236,7250,3445,9241,206
11058,7237,7245,3440,9526,138
11060,7239,7240,3468,9904,101
11061,7239,7246,3468,9904,121
11062,7240,7241,3484,9799,51
11063,7240,7252,3484,9799,137
11064,7241,7243,3500,9748,55
11065,7241,7249,3500,9748,101
11066,7242,7247,3521,9166,83
11067,7242,7251,3521,9166,78
11068,7242,7253,3521,9166,139
11069,7243,7245,3518,9693,112
11070,7243,7257,3518,9693,136
11072,7245,7264,3552,9580,139
11073,7246,7248,3567,9951,45
11074,7247,7255,3578,9110,61
11075,7248,7252,3580,9905,52
11076,7249,7254,3582,9788,37
11077,7250,7261,3583,9384,101
11078,7251,7259,3589,9167,58
11079,7252,7254,3596,9853,51
11080,7252,7269,3596,9853,138
11081,7253,7261,3611,9267,53
11082,7254,7257,3612,9802,55
11083,7255,7258,3620,9069,55
11084,7255,7266,3620,9069,81
11085,7257,7262,3629,9746,55
11086,7258,7259,3633,9126,39
11087,7259,7265,3640,9167,125
11088,7259,7276,3640,9167,198
11089,7261,7265,3645,9306,28
11090,7262,7264,3647,9691,55
11092,7264,7271,3665,9636,103
11093,7265,7267,3668,9297,35
11094,7266,7274,3675,9014,160
11095,7267,7268,3677,9333,135
11096,7267,7273,3677,9333,159
11097,7270,7282,3712,9506,177
11098,7271,7272,3749,9676,105
11099,7271,7281,3749,9676,105
11100,7272,7275,3773,9785,31
11101,7272,7277,3773,9785,51
11102,7273,7276,3776,9213,58
11103,7273,7283,3776,9213,128
11104,7274,7276,3779,9130,54
11105,7274,7631,3779,9130,107
11106,7275,7286,3780,9817,164
11107,7276,7280,3813,9170,26
11108,7277,7281,3817,9773,55
11109,7279,7631,3832,9032,12
11110,7280,7285,3836,9168,59
11111,7281,7287,3834,9718,139
11112,7282,7284,3850,9592,27
11113,7284,7292,3872,9602,114
11114,7285,7293,3888,9168,104
11115,7286,7287,3914,9882,107
11116,7286,7295,3914,9882,112
11118,7287,7299,3947,9774,112
11119,7288,7719,3818,1529,63
11120,7289,7290,3841,1792,84
11121,7289,7320,3841,1792,28
11124,7292,7305,3965,9648,278
11125,7293,7294,3978,9180,14
11126,7293,7302,3978,9180,131
11127,7294,7297,3988,9171,60
11128,7295,7299,4005,9927,113
11129,7295,7304,4005,9927,159
11130,7296,7300,4021,9007,87
11131,7297,7300,4026,9126,83
11132,7298,7301,4048,9448,182
11134,7299,7305,4040,9813,124
11135,7302,7309,4090,9180,237
11137,7304,7306,4143,9951,54
11139,7305,7307,4148,9832,58
11142,7307,7312,4199,9840,251
11143,7307,7313,4199,9840,261
11144,7308,7313,4236,9945,230
11145,7309,7311,4294,9137,46
11146,7309,7617,4294,9137,294
11147,7310,7312,4303,9511,191
11148,7311,7314,4334,9130,129
11149,7312,7315,4363,9673,162
11150,7313,7316,4426,9865,64
11151,7314,7315,4447,9137,450
11152,7315,7317,4478,9619,225
11153,7316,7318,4482,9869,85
11154,7317,7318,4545,9847,24
11156,7319,7325,4990,9235,233
11157,7321,7458,3898,2465,122
11158,7321,7524,3898,2465,173
11159,7323,7325,5173,9011,242
11160,7324,7330,4928,1853,72
11161,7324,7332,4928,1853,61
11163,7325,7326,5192,9270,29
11164,7325,7327,5192,9270,110
11165,7326,7329,5217,9274,244
11166,7327,7338,5240,9373,478
11170,7329,7334,5429,9296,82
11172,7332,7378,4923,1787,92
11174,7334,7337,5501,9302,93
11175,7337,7339,5582,9308,40
11177,7338,7342,5591,9618,101
11180,7339,7340,5617,9309,112
11181,7339,7348,5617,9309,234
11182,7340,7342,5634,9428,206
11185,7344,7345,5723,9759,78
11188,7345,7346,5753,9834,117
11189,7345,7347,5753,9834,65
11191,7347,7351,5800,9873,181
11192,7348,7356,5821,9317,468
11193,7349,7353,5839,9709,414
11196,7351,7353,5956,9897,206
11197,7352,7353,6088,9862,86
11200,7355,7357,6193,9965,51
11201,7356,7358,6231,9309,40
11202,7358,7362,6257,9280,297
11203,7359,7361,6373,9841,109
11204,7361,7364,6408,9732,161
11206,7362,7364,6445,9502,64
11207,7362,7365,6445,9502,31
11208,7363,7367,6437,9747,143
11209,7363,7373,6437,9747,487
11214,7368,7369,6499,9569,54
11216,7369,7371,6521,9518,175
11217,7370,7374,6547,9619,102
11218,7371,7373,6582,9345,79
11222,7375,7382,6867,9166,205
11224,7376,7377,6870,9998,175
11226,7377,7380,6908,9815,89
11227,7377,7381,6908,9815,398
11228,7378,7379,4913,1688,91
11229,7379,7390,4905,1590,97
11230,7380,7383,6986,9830,412
11231,7380,7389,6986,9830,215
11232,7381,7382,6990,9397,121
11233,7381,7383,6990,9397,145
11235,7382,7383,7015,9270,177
11236,7383,7386,7116,9414,102
11237,7383,7387,7116,9414,43
11238,7383,7388,7116,9414,66
11239,7384,7385,7128,9041,226
11240,7384,7395,7128,9041,195
11241,7385,7386,7142,9285,23
11242,7385,7395,7142,9285,363
11243,7386,7387,7145,9310,102
11244,7387,7388,7153,9420,44
11245,7387,7399,7153,9420,252
11246,7388,7389,7154,9467,370
11247,7389,7392,7172,9866,40
11248,7390,7391,4895,1486,88
11249,7391,7420,4887,1391,88
11250,7392,7393,7207,9873,87
11251,7393,7394,7283,9882,49
11252,7393,7400,7283,9882,149
11253,7394,7396,7288,9829,35
11254,7396,7397,7302,9795,86
11255,7397,7398,7307,9703,74
11256,7398,7402,7359,9684,250
11258,7399,7401,7372,9452,192
11260,7400,7403,7413,9899,196
11261,7401,7402,7539,9476,248
11262,7401,7405,7539,9476,172
11263,7402,7403,7573,9735,175
11264,7403,7404,7584,9920,61
11265,7404,7408,7637,9925,89
11266,7405,7406,7689,9496,210
11267,7405,7409,7689,9496,50
11268,7406,7407,7704,9722,102
11269,7407,7408,7712,9832,95
11270,7408,7417,7715,9934,300
11271,7409,7412,7733,9493,117
11272,7410,7412,7824,9315,156
11273,7410,7414,7824,9315,69
11274,7411,7414,7831,9075,225
11276,7412,7415,7835,9483,103
11277,7414,7415,7885,9308,161
11278,7414,7418,7885,9308,127
11279,7415,7416,7925,9475,167
11280,7416,7417,7961,9650,290
11281,7416,7422,7961,9650,240
11282,7417,7431,7976,9963,369
11283,7418,7419,7996,9319,274
11284,7418,7424,7996,9319,178
11285,7420,7421,4878,1297,89
11287,7422,7424,8133,9587,234
11288,7422,7429,8133,9587,166
11289,7424,7427,8151,9336,256
11290,7424,7430,8151,9336,158
11291,7428,7432,8321,9129,57
11292,7428,7434,8321,9129,210
11293,7429,7433,8277,9604,9
11294,7430,7434,8288,9353,18
11295,7431,7433,8270,9800,181
11296,7431,7437,8270,9800,343
11297,7433,7434,8285,9606,232
11298,7434,7436,8304,9355,320
11299,7436,7439,8583,9386,23
11300,7437,7440,8543,9648,66
11302,7439,7443,8602,9378,81
11303,7441,7443,8657,9352,30
11305,7445,7446,5032,2627,133
11306,7446,7447,5038,2770,124
11307,7447,7448,5044,2904,91
11308,7448,7449,5048,3002,62
11309,7451,7452,4893,2914,135
11310,7453,7454,4473,2939,57
11312,7455,7456,4521,2824,120
11315,7460,7461,3998,2931,63
11316,7460,7464,3998,2931,85
11317,7460,7520,3998,2931,80
11318,7461,7463,4028,2988,94
11320,7462,7463,4109,2943,28
11322,7463,7464,4091,2923,39
11323,7466,7467,4662,3705,121
11324,7468,7469,4188,3434,78
11326,7471,7472,4768,3848,118
11327,7471,7473,4768,3848,119
11328,7474,7475,4769,3967,120
11329,7476,7477,4671,4084,117
11330,7477,7478,4773,4082,117
11331,7478,7479,4875,4078,119
11332,7480,7481,4313,3785,133
11333,7480,7482,4313,3785,113
11334,7482,7484,4215,3767,145
11335,7483,7484,4317,3982,156
11336,7485,7486,3327,3637,51
11337,7486,7487,3348,3686,77
11338,7487,7488,3380,3759,37
11339,7488,7489,3409,3741,58
11340,7489,7493,3454,3711,29
11341,7490,7491,3414,3606,40
11342,7490,7494,3414,3606,52
11343,7491,7492,3408,3648,44
11344,7492,7493,3437,3679,22
11345,7493,7494,3456,3680,57
11346,7493,7495,3456,3680,95
11347,7496,7497,3539,3522,95
11349,7498,7499,3876,3265,19
11350,7500,7501,3397,3408,57
11351,7502,7588,3563,4108,144
11352,7503,7504,3443,3959,51
11353,7504,7585,3449,4013,143
11354,7506,7507,3365,2798,120
11355,7506,7717,3365,2798,363
11356,7507,7508,3469,2813,112
11357,7508,7509,3566,2827,192
11359,7510,7523,3935,3647,337
11361,7511,7512,3933,3798,145
11363,7512,7513,3934,3955,96
11364,7513,7514,3936,4059,96
11365,7514,7515,3938,4163,107
11366,7515,7516,3939,4278,104
11367,7516,7603,3941,4390,104
11368,7517,7518,3734,3638,136
11369,7519,7520,3927,2872,60
11370,7519,7524,3927,2872,206
11371,7520,7521,3928,2937,105
11372,7521,7522,3929,3050,183
11373,7522,7523,3930,3248,32
11376,7526,7527,5035,4129,107
11377,7527,7541,5033,4014,111
11378,7528,7541,5030,3842,48
11379,7531,7532,5033,3605,28
11380,7532,7533,5032,3575,96
11382,7534,7535,4981,2628,134
11384,7535,7536,4990,2772,124
11385,7536,7537,4997,2906,148
11386,7537,7538,5004,3065,75
11387,7538,7539,5005,3146,128
11388,7539,7540,5012,3284,149
11389,7541,7542,5031,3894,10
11390,7543,7544,4982,4185,118
11391,7544,7545,4879,4190,118
11392,7545,7546,4776,4193,118
11393,7547,7548,4677,4307,117
11394,7548,7549,4779,4304,114
11395,7549,7550,4879,4301,120
11397,7557,7606,4705,5514,58
11398,7558,7559,4226,4884,128
11399,7559,7560,4338,4882,129
11400,7561,7562,3995,4557,85
11401,7563,7564,3992,4219,120
11402,7565,7566,3977,5142,36
11404,7566,7596,3947,5133,143
11405,7566,7599,3947,5133,73
11406,7566,7605,3947,5133,9
11407,7567,7605,3940,5230,91
11408,7568,7569,3886,5363,58
11409,7568,7570,3886,5363,73
11410,7569,7590,3863,5419,59
11411,7570,7604,3945,5394,63
11412,7572,7573,3637,5054,56
11413,7572,7574,3637,5054,53
11414,7573,7593,3639,5114,71
11415,7574,7575,3635,4997,89
11416,7574,7577,3635,4997,138
11417,7575,7576,3713,4993,105
11418,7575,7577,3713,4993,46
11419,7576,7578,3805,4987,45
11420,7577,7578,3712,4943,105
11421,7580,7581,3408,4694,98
11422,7581,7582,3491,4673,55
11423,7583,7584,3472,4332,49
11424,7583,7587,3472,4332,55
11425,7584,7585,3469,4279,104
11426,7585,7586,3460,4167,58
11427,7590,7591,3816,5394,39
11428,7591,7592,3785,5377,146
11431,7596,7604,3948,5287,37
11432,7597,7598,3940,5055,248
11433,7597,7599,3940,5055,8
11434,7597,7605,3940,5055,71
11436,7600,7601,3945,4837,101
11437,7601,7602,3943,4728,107
11438,7602,7603,3942,4613,103
11439,7606,7610,4703,5451,118
11442,7608,7609,4078,5471,133
11446,7614,7615,5003,7526,129
11447,7614,7645,5003,7526,179
11449,7615,7646,4965,7396,243
11451,7616,7617,4259,8818,46
11452,7616,7619,4259,8818,71
11453,7616,7621,4259,8818,252
11455,7618,7619,4108,8953,179
11456,7619,7620,4197,8815,58
11457,7620,7621,4146,8813,87
11458,7621,7622,4190,8735,56
11459,7623,7634,4047,8466,219
11462,7624,7632,4058,8472,24
11463,7625,7626,3816,8823,63
11465,7626,7627,3850,8770,107
11466,7627,7628,3910,8681,92
11467,7628,7629,3961,8604,49
11469,7630,7647,4547,7634,166
11470,7632,7633,4074,8455,16
11472,7634,7647,4163,8278,575
11473,7635,7636,3434,8114,32
11474,7635,7637,3434,8114,10
11475,7636,7637,3406,8108,36
11476,7638,7639,3298,8010,79
11477,7640,7643,4587,7595,116
11478,7641,7644,4672,7423,12
11479,7642,7643,4674,7441,58
11480,7642,7644,4674,7441,11
11481,7644,7646,4680,7432,216
11482,7645,7646,4893,7664,109
11483,7648,7649,16,583,55
11484,7649,7650,64,581,53
11485,7649,7653,64,581,53
11486,7650,7651,110,580,34
11487,7651,7654,140,578,49
11488,7652,7653,106,524,53
11489,7652,7654,106,524,38
11490,7655,7656,336,636,26
11491,7655,7681,336,636,82
11492,7656,7682,334,608,80
11493,7659,7660,1318,63,59
11494,7659,7661,1318,63,151
11496,7663,7664,1568,217,203
11498,7665,7667,243,142,92
11499,7665,7684,243,142,83
11500,7666,7668,265,142,92
11501,7666,7686,265,142,83
11502,7667,7671,243,241,89
11503,7668,7669,265,241,89
11504,7669,7672,264,337,88
11505,7670,7672,254,431,14
11506,7672,7682,266,432,163
11507,7673,7675,242,725,88
11508,7673,7680,242,725,82
11509,7674,7676,265,724,89
11510,7674,7681,265,724,82
11511,7675,7689,243,820,29
11512,7676,7690,266,820,29
11513,7677,7686,265,0,48
11514,7678,7684,243,0,48
11515,7679,7680,241,608,26
11516,7681,7682,264,636,26
11517,7683,7684,175,52,78
11518,7684,7685,243,52,11
11519,7685,7686,253,52,14
11520,7686,7687,265,52,519
11521,7687,7688,719,40,372
11524,7691,7692,4821,6111,119
11525,7693,7694,4478,6097,56
11526,7695,7696,4772,6971,28
11527,7699,7700,3992,5891,47
11528,7699,7701,3992,5891,117
11529,7702,7703,4117,6780,36
11530,7704,7706,3912,6709,34
11531,7704,7708,3912,6709,90
11532,7705,7706,4026,6689,128
11533,7706,7707,3915,6672,35
11534,7707,7708,3919,6635,79
11535,7711,7712,3496,6286,110
11537,7713,7714,3611,6264,126
11538,7717,7718,3402,2409,17
11539,7719,7720,3872,1517,87
11540,7722,7723,3284,4028,103
11541,7723,7724,3223,3989,30
11543,7725,7726,3087,4062,239
11544,7725,7742,3087,4062,76
11545,7726,7727,3042,3904,54
11546,7727,7728,2995,3909,78
11547,7727,7729,2995,3909,73
11548,7730,7731,1979,3944,131
11549,7731,7732,1904,4051,42
11550,7735,7736,3068,4213,129
11551,7736,7737,2955,4222,41
11552,7736,7741,2955,4222,69
11553,7737,7738,2919,4224,36
11554,7738,7739,2888,4227,69
11555,7739,7740,2882,4153,37
11556,7740,7741,2914,4150,39
11557,7741,7742,2948,4148,195
11558,7742,7743,3118,4134,24
11559,7744,7745,3279,4885,78
11561,7746,7747,2442,4628,44
11562,7747,7748,2449,4675,7
11563,7747,7749,2449,4675,76
11564,7749,7750,2383,4680,34
11565,7753,7754,2443,5299,110
11566,7754,7755,2353,5328,98
11568,7756,7757,1941,5970,82
11569,7757,7758,2005,5991,96
11571,7758,7759,2068,6060,51
11572,7759,7760,2102,6096,49
11573,7761,7891,1596,6165,71
11574,7762,7890,1482,6018,189
11575,7762,7891,1482,6018,118
11576,7764,7765,2332,8326,95
11577,7764,7766,2332,8326,97
11578,7766,7767,2252,8290,77
11579,7767,7768,2186,8271,58
11580,7768,7769,2210,8216,50
11581,7769,7770,2233,8170,13
11583,7771,7772,2410,8523,88
11584,7773,7774,2068,8701,68
11585,7774,7775,2079,8629,42
11586,7776,7777,1938,8448,68
11587,7776,7778,1938,8448,66
11588,7779,7780,1597,8242,44
11589,7780,7781,1562,8263,123
11590,7783,7784,9523,9969,41
11591,7786,7789,7633,5184,88
11595,7789,7790,7556,5179,17
11598,7791,7792,7467,5166,213
11599,7795,7799,6828,5457,71
11601,7805,7806,5973,279,49
11602,7805,7807,5973,279,50
11603,7807,7808,5972,333,50
11604,7808,7809,5972,387,48
11607,7814,7815,197,9415,101
11609,7817,7818,670,9410,92
11611,7819,7820,751,9589,155
11613,7822,7823,848,9592,50
11614,7823,7824,855,9645,22
11615,7825,7826,488,9681,41
11616,7827,7828,598,9838,57
11617,7829,7830,838,9836,57
11618,7831,7832,334,9976,112
11620,7832,7833,236,9975,23
11621,7832,7834,236,9975,66
11622,7836,7837,41,10000,58
11623,7838,7839,0,9905,9
11624,7839,7840,3,9896,4
11625,7841,7842,955,9822,91
11626,7843,7850,1020,9697,74
11627,7843,7858,1020,9697,14
11628,7844,7854,1143,9866,53
11629,7844,7858,1143,9866,197
11630,7848,7849,1171,9628,61
11631,7848,7860,1171,9628,63
11632,7850,7851,1080,9668,43
11633,7850,7859,1080,9668,12
11634,7851,7852,1067,9625,73
11635,7853,7854,1123,9768,87
11636,7853,7859,1123,9768,95
11637,7854,7855,1180,9831,58
11638,7856,7857,1500,9468,104
11639,7858,7859,1028,9708,64
11640,7859,7860,1080,9681,53
11642,7865,7866,318,6698,137
11643,7869,7870,861,7270,58
11644,7869,7871,861,7270,25
11647,7871,7872,867,7244,124
11648,7873,7877,208,6990,113
11649,7874,7878,133,6976,52
11651,7875,7876,653,6990,79
11653,7877,7881,307,6993,231
11654,7878,7879,88,6970,89
11655,7879,7880,11,6957,13
11657,7886,7887,0,6598,60
11658,7887,7888,52,6607,54
11670,7903,7904,12,3321,49
11671,7904,7905,3,3269,10
11672,7906,7907,0,3380,5
11674,7911,7912,301,4154,98
11675,7913,7914,372,4062,66
11676,7914,7917,430,4062,198
11677,7915,7916,675,4080,69
11678,7915,7917,675,4080,82
11679,7917,7918,603,4070,27
11680,7920,7921,426,3563,45
11681,7921,7922,426,3514,91
11683,7924,7925,508,2795,91
11684,7926,7959,832,3221,105
11685,7927,7930,989,3829,96
11689,7929,7930,978,3914,66
11691,7931,7932,1203,4096,34
11692,7932,7933,1173,4095,18
11694,7934,7935,1346,4015,72
11695,7934,7936,1346,4015,69
11696,7935,7941,1283,4019,8
11697,7936,7937,1406,4009,26
11698,7936,7938,1406,4009,78
11699,7937,7940,1414,4035,70
11700,7939,7940,1467,3920,90
11701,7943,7944,1500,2929,90
11702,7945,7946,1526,3264,73
11703,7946,7950,1463,3278,71
11704,7947,7948,1475,3518,50
11705,7948,7949,1474,3464,55
11706,7949,7950,1470,3405,47
11707,7952,7954,1109,2942,39
11711,7956,7957,724,3345,10
11712,7956,7958,724,3345,62
11714,7958,7959,778,3339,66
11715,7959,7960,836,3334,67
11716,7961,7963,290,2592,90
11718,7962,7964,312,2591,89
11719,7963,7965,288,2495,85
11720,7964,7966,312,2495,86
11721,7965,7967,286,2403,85
11722,7966,7968,310,2402,84
11723,7967,7969,286,2311,77
11724,7968,7970,308,2311,77
11725,7969,7971,282,2228,84
11726,7970,7972,306,2228,85
11727,7971,7973,280,2137,92
11728,7972,7974,304,2136,89
11729,7973,7991,278,2038,90
11730,7974,7990,301,2040,93
11731,7976,7977,33,1005,38
11732,7978,7979,0,1374,18
11733,7979,7980,16,1375,32
11735,7981,7982,48,1585,55
11736,7983,7984,47,1751,54
11737,7985,7986,44,1949,51
11738,7987,7988,66,1779,53
11739,7990,7993,298,1940,91
11740,7991,7992,273,1941,92
11742,7993,7994,296,1842,95
11743,7994,7996,293,1739,91
11744,7995,7997,264,1642,93
11746,7996,7998,288,1641,93
11747,7997,7999,262,1542,68
